observer,retinal_illuminance_Td,hue,Pe,x_JV,y_JV
TN,10,RB,1.0,0.212,0.031
TN,10,B,1.0,0.132,0.058
TN,10,GB,1.0,0.041,0.325
TN,10,G,1.0,0.013,0.496
TN,10,GY,1.0,0.267,0.723
TN,10,Y,1.0,0.486,0.513
TN,10,RY,1.0,0.596,0.403
TN,10,R,1.0,0.501,0.116
TN,10,RB,0.9,0.216,0.057
TN,10,B,0.9,0.147,0.093
TN,10,GB,0.9,0.073,0.317
TN,10,G,0.9,0.047,0.479
TN,10,GY,0.9,0.27,0.686
TN,10,Y,0.9,0.473,0.492
TN,10,RY,0.9,0.577,0.389
TN,10,R,0.9,0.426,0.155
TN,10,RB,0.8,0.226,0.086
TN,10,B,0.8,0.165,0.127
TN,10,GB,0.8,0.106,0.3
TN,10,G,0.8,0.082,0.439
TN,10,GY,0.8,0.263,0.659
TN,10,Y,0.8,0.456,0.476
TN,10,RY,0.8,0.555,0.377
TN,10,R,0.8,0.395,0.166
TN,10,RB,0.7,0.222,0.109
TN,10,B,0.7,0.183,0.158
TN,10,GB,0.7,0.131,0.316
TN,10,G,0.7,0.116,0.419
TN,10,GY,0.7,0.258,0.629
TN,10,Y,0.7,0.442,0.457
TN,10,RY,0.7,0.539,0.36
TN,10,R,0.7,0.375,0.18
TN,10,RB,0.6,0.236,0.142
TN,10,B,0.6,0.201,0.19
TN,10,GB,0.6,0.161,0.317
TN,10,G,0.6,0.151,0.377
TN,10,GY,0.6,0.255,0.597
TN,10,Y,0.6,0.427,0.439
TN,10,RY,0.6,0.518,0.348
TN,10,R,0.6,0.356,0.196
TN,10,RB,0.5,0.248,0.177
TN,10,B,0.5,0.222,0.217
TN,10,GB,0.5,0.188,0.327
TN,10,G,0.5,0.181,0.374
TN,10,GY,0.5,0.251,0.564
TN,10,Y,0.5,0.411,0.421
TN,10,RY,0.5,0.499,0.333
TN,10,R,0.5,0.354,0.219
TN,10,RB,0.4,0.263,0.21
TN,10,B,0.4,0.243,0.244
TN,10,GB,0.4,0.217,0.332
TN,10,G,0.4,0.213,0.35
TN,10,GY,0.4,0.235,0.532
TN,10,Y,0.4,0.394,0.405
TN,10,RY,0.4,0.482,0.318
TN,10,R,0.4,0.344,0.24
TN,10,RB,0.3,0.28,0.245
TN,10,B,0.3,0.267,0.263
TN,10,GB,0.3,0.242,0.358
TN,10,G,0.3,0.343,0.351
TN,10,GY,0.3,0.234,0.466
TN,10,Y,0.3,0.378,0.388
TN,10,RY,0.3,0.451,0.316
TN,10,R,0.3,0.343,0.265
TN,10,RB,0.2,0.298,0.271
TN,10,B,0.2,0.286,0.294
TN,10,G,0.2,0.27,0.362
TN,10,Y,0.2,0.365,0.369
TN,10,RY,0.2,0.41,0.323
TN,100,RB,1.0,0.205,0.027
TN,100,B,1.0,0.101,0.12
TN,100,GB,1.0,0.041,0.325
TN,100,G,1.0,0.02,0.445
TN,100,GY,1.0,0.238,0.747
TN,100,Y,1.0,0.472,0.527
TN,100,RY,1.0,0.657,0.343
TN,100,R,1.0,0.569,0.198
TN,100,RB,0.9,0.232,0.065
TN,100,B,0.9,0.116,0.163
TN,100,GB,0.9,0.075,0.307
TN,100,G,0.9,0.056,0.419
TN,100,GY,0.9,0.234,0.716
TN,100,Y,0.9,0.459,0.506
TN,100,RY,0.9,0.63,0.337
TN,100,R,0.9,0.509,0.194
TN,100,RB,0.8,0.252,0.098
TN,100,B,0.8,0.136,0.195
TN,100,GB,0.8,0.106,0.3
TN,100,G,0.8,0.091,0.395
TN,100,GY,0.8,0.232,0.682
TN,100,Y,0.8,0.447,0.486
TN,100,RY,0.8,0.605,0.328
TN,100,R,0.8,0.461,0.197
TN,100,RB,0.7,0.247,0.12
TN,100,B,0.7,0.157,0.255
TN,100,GB,0.7,0.138,0.292
TN,100,G,0.7,0.119,0.394
TN,100,GY,0.7,0.236,0.645
TN,100,Y,0.7,0.432,0.467
TN,100,RY,0.7,0.575,0.325
TN,100,R,0.7,0.426,0.205
TN,100,RB,0.6,0.249,0.146
TN,100,B,0.6,0.181,0.247
TN,100,GB,0.6,0.166,0.297
TN,100,G,0.6,0.151,0.377
TN,100,GY,0.6,0.224,0.618
TN,100,Y,0.6,0.415,0.451
TN,100,RY,0.6,0.553,0.313
TN,100,R,0.6,0.403,0.219
TN,100,RB,0.5,0.256,0.175
TN,100,B,0.5,0.204,0.267
TN,100,GB,0.5,0.194,0.302
TN,100,G,0.5,0.181,0.374
TN,100,GY,0.5,0.227,0.575
TN,100,Y,0.5,0.399,0.433
TN,100,RY,0.5,0.526,0.307
TN,100,R,0.5,0.397,0.239
TN,100,RB,0.4,0.269,0.205
TN,100,B,0.4,0.227,0.289
TN,100,GB,0.4,0.222,0.312
TN,100,G,0.4,0.211,0.37
TN,100,GY,0.4,0.229,0.528
TN,100,Y,0.4,0.385,0.414
TN,100,RY,0.4,0.491,0.309
TN,100,R,0.4,0.382,0.259
TN,100,RB,0.3,0.284,0.239
TN,100,B,0.3,0.25,0.316
TN,100,GB,0.3,0.249,0.318
TN,100,G,0.3,0.238,0.38
TN,100,GY,0.3,0.245,0.47
TN,100,Y,0.3,0.368,0.398
TN,100,RY,0.3,0.451,0.316
TN,100,R,0.3,0.373,0.278
TN,100,RB,0.2,0.301,0.271
TN,100,B,0.2,0.276,0.326
TN,100,GB,0.2,0.276,0.324
TN,100,G,0.2,0.269,0.392
TN,100,Y,0.2,0.354,0.379
TN,100,RY,0.2,0.411,0.321
TN,100,R,0.2,0.367,0.3
TN,100,Y,0.1,0.337,0.362
TN,1000,RB,1.0,0.212,0.031
TN,1000,B,1.0,0.129,0.062
TN,1000,GB,1.0,0.037,0.348
TN,1000,G,1.0,0.032,0.372
TN,1000,GY,1.0,0.216,0.764
TN,1000,Y,1.0,0.445,0.554
TN,1000,RY,1.0,0.663,0.336
TN,1000,R,1.0,0.61,0.217
TN,1000,RB,0.9,0.253,0.074
TN,1000,B,0.9,0.135,0.118
TN,1000,GB,0.9,0.07,0.342
TN,1000,G,0.9,0.068,0.352
TN,1000,GY,0.9,0.224,0.723
TN,1000,Y,0.9,0.433,0.533
TN,1000,RY,0.9,0.631,0.336
TN,1000,R,0.9,0.522,0.2
TN,1000,RB,0.8,0.274,0.108
TN,1000,B,0.8,0.149,0.163
TN,1000,GB,0.8,0.1,0.331
TN,1000,G,0.8,0.098,0.344
TN,1000,GY,0.8,0.227,0.686
TN,1000,Y,0.8,0.419,0.513
TN,1000,RY,0.8,0.584,0.349
TN,1000,R,0.8,0.465,0.198
TN,1000,RB,0.7,0.267,0.129
TN,1000,B,0.7,0.17,0.188
TN,1000,GB,0.7,0.13,0.32
TN,1000,G,0.7,0.129,0.331
TN,1000,GY,0.7,0.231,0.648
TN,1000,Y,0.7,0.405,0.494
TN,1000,RY,0.7,0.549,0.351
TN,1000,R,0.7,0.428,0.206
TN,1000,RB,0.6,0.275,0.159
TN,1000,B,0.6,0.19,0.216
TN,1000,GB,0.6,0.16,0.319
TN,1000,G,0.6,0.157,0.343
TN,1000,GY,0.6,0.245,0.604
TN,1000,Y,0.6,0.39,0.474
TN,1000,RY,0.6,0.514,0.352
TN,1000,R,0.6,0.404,0.219
TN,1000,RB,0.5,0.275,0.182
TN,1000,B,0.5,0.212,0.24
TN,1000,GB,0.5,0.188,0.329
TN,1000,G,0.5,0.187,0.337
TN,1000,GY,0.5,0.255,0.562
TN,1000,Y,0.5,0.378,0.454
TN,1000,RY,0.5,0.487,0.347
TN,1000,R,0.5,0.385,0.233
TN,1000,RB,0.4,0.278,0.212
TN,1000,B,0.4,0.234,0.266
TN,1000,GB,0.4,0.217,0.332
TN,1000,G,0.4,0.216,0.335
TN,1000,GY,0.4,0.261,0.522
TN,1000,Y,0.4,0.364,0.435
TN,1000,RY,0.4,0.456,0.344
TN,1000,R,0.4,0.375,0.253
TN,1000,RB,0.3,0.284,0.239
TN,1000,B,0.3,0.258,0.287
TN,1000,GB,0.3,0.245,0.336
TN,1000,G,0.3,0.244,0.337
TN,1000,GY,0.3,0.267,0.479
TN,1000,Y,0.3,0.349,0.416
TN,1000,RY,0.3,0.435,0.331
TN,1000,R,0.3,0.363,0.273
TN,1000,B,0.2,0.282,0.305
TN,1000,G,0.2,0.272,0.35
TN,1000,Y,0.2,0.336,0.396
TN,1000,RY,0.2,0.408,0.325
TN,1000,R,0.2,0.357,0.296
MA,10,RB,1.0,0.227,0.038
MA,10,B,1.0,0.127,0.066
MA,10,GB,1.0,0.004,0.661
MA,10,G,1.0,0.091,0.834
MA,10,GY,1.0,0.403,0.596
MA,10,Y,1.0,0.544,0.456
MA,10,RY,1.0,0.634,0.365
MA,10,R,1.0,0.61,0.217
MA,10,RB,0.9,0.218,0.058
MA,10,B,0.9,0.134,0.122
MA,10,GB,0.9,0.047,0.693
MA,10,G,0.9,0.149,0.768
MA,10,GY,0.9,0.4,0.564
MA,10,Y,0.9,0.524,0.441
MA,10,RY,0.9,0.608,0.359
MA,10,R,0.9,0.563,0.219
MA,10,RB,0.8,0.227,0.087
MA,10,B,0.8,0.152,0.156
MA,10,GB,0.8,0.075,0.64
MA,10,G,0.8,0.158,0.723
MA,10,GY,0.8,0.385,0.546
MA,10,Y,0.8,0.505,0.427
MA,10,RY,0.8,0.589,0.343
MA,10,R,0.8,0.506,0.218
MA,10,RB,0.7,0.222,0.109
MA,10,B,0.7,0.166,0.196
MA,10,GB,0.7,0.111,0.629
MA,10,G,0.7,0.187,0.672
MA,10,GY,0.7,0.376,0.521
MA,10,Y,0.7,0.485,0.415
MA,10,RY,0.7,0.566,0.333
MA,10,R,0.7,0.46,0.221
MA,10,RB,0.6,0.232,0.145
MA,10,B,0.6,0.183,0.238
MA,10,GB,0.6,0.155,0.604
MA,10,G,0.6,0.203,0.623
MA,10,GY,0.6,0.367,0.498
MA,10,Y,0.6,0.466,0.399
MA,10,RY,0.6,0.547,0.319
MA,10,R,0.6,0.426,0.228
MA,10,RB,0.5,0.238,0.189
MA,10,B,0.5,0.202,0.277
MA,10,GB,0.5,0.186,0.561
MA,10,G,0.5,0.216,0.582
MA,10,GY,0.5,0.356,0.475
MA,10,Y,0.5,0.446,0.386
MA,10,RY,0.5,0.525,0.309
MA,10,R,0.5,0.418,0.249
MA,10,RB,0.4,0.25,0.228
MA,10,B,0.4,0.221,0.316
MA,10,GB,0.4,0.222,0.524
MA,10,G,0.4,0.248,0.528
MA,10,GY,0.4,0.346,0.453
MA,10,Y,0.4,0.428,0.371
MA,10,RY,0.4,0.489,0.31
MA,10,R,0.4,0.409,0.27
MA,10,RB,0.3,0.267,0.259
MA,10,B,0.3,0.243,0.351
MA,10,G,0.3,0.251,0.478
MA,10,GY,0.3,0.334,0.43
MA,10,Y,0.3,0.406,0.36
MA,10,RY,0.3,0.451,0.316
MA,10,R,0.3,0.414,0.298
MA,10,RB,0.2,0.286,0.292
MA,10,B,0.2,0.268,0.381
MA,10,GY,0.2,0.322,0.41
MA,10,Y,0.2,0.385,0.348
MA,100,RB,1.0,0.233,0.041
MA,100,B,1.0,0.112,0.095
MA,100,GB,1.0,0.004,0.617
MA,100,G,1.0,0.018,0.77
MA,100,GY,1.0,0.417,0.582
MA,100,Y,1.0,0.538,0.461
MA,100,RY,1.0,0.642,0.357
MA,100,R,1.0,0.61,0.217
MA,100,RB,0.9,0.235,0.066
MA,100,B,0.9,0.116,0.166
MA,100,GB,0.9,0.042,0.621
MA,100,G,0.9,0.055,0.724
MA,100,GY,0.9,0.412,0.553
MA,100,Y,0.9,0.515,0.451
MA,100,RY,0.9,0.611,0.355
MA,100,R,0.9,0.554,0.215
MA,100,RB,0.8,0.245,0.096
MA,100,B,0.8,0.132,0.21
MA,100,GB,0.8,0.074,0.588
MA,100,G,0.8,0.09,0.686
MA,100,GY,0.8,0.397,0.534
MA,100,Y,0.8,0.49,0.443
MA,100,RY,0.8,0.582,0.351
MA,100,R,0.8,0.516,0.221
MA,100,RB,0.7,0.243,0.119
MA,100,B,0.7,0.149,0.253
MA,100,GB,0.7,0.107,0.585
MA,100,G,0.7,0.127,0.65
MA,100,GY,0.7,0.385,0.512
MA,100,Y,0.7,0.47,0.429
MA,100,RY,0.7,0.548,0.351
MA,100,R,0.7,0.49,0.234
MA,100,RB,0.6,0.237,0.143
MA,100,B,0.6,0.168,0.291
MA,100,GB,0.6,0.141,0.565
MA,100,G,0.6,0.16,0.611
MA,100,GY,0.6,0.371,0.494
MA,100,Y,0.6,0.449,0.416
MA,100,RY,0.6,0.527,0.339
MA,100,R,0.6,0.466,0.246
MA,100,RB,0.5,0.248,0.177
MA,100,B,0.5,0.19,0.317
MA,100,GB,0.5,0.178,0.55
MA,100,G,0.5,0.193,0.57
MA,100,GY,0.5,0.359,0.472
MA,100,Y,0.5,0.429,0.404
MA,100,RY,0.5,0.5,0.333
MA,100,R,0.5,0.443,0.261
MA,100,RB,0.4,0.256,0.22
MA,100,B,0.4,0.214,0.345
MA,100,GB,0.4,0.215,0.513
MA,100,G,0.4,0.222,0.524
MA,100,GY,0.4,0.348,0.451
MA,100,Y,0.4,0.409,0.391
MA,100,RY,0.4,0.478,0.322
MA,100,R,0.4,0.428,0.279
MA,100,RB,0.3,0.268,0.257
MA,100,B,0.3,0.24,0.366
MA,100,GB,0.3,0.248,0.473
MA,100,G,0.3,0.251,0.478
MA,100,GY,0.3,0.334,0.43
MA,100,Y,0.3,0.39,0.376
MA,100,RY,0.3,0.449,0.318
MA,100,R,0.3,0.413,0.297
MA,100,RB,0.2,0.284,0.299
MA,100,B,0.2,0.269,0.392
MA,100,GY,0.2,0.322,0.409
MA,100,Y,0.2,0.371,0.362
MA,1000,RB,1.0,0.339,0.09
MA,1000,B,1.0,0.115,0.088
MA,1000,GB,1.0,0.004,0.617
MA,1000,G,1.0,0.005,0.681
MA,1000,GY,1.0,0.388,0.609
MA,1000,Y,1.0,0.493,0.506
MA,1000,RY,1.0,0.675,0.325
MA,1000,R,1.0,0.668,0.243
MA,1000,RB,0.9,0.307,0.099
MA,1000,B,0.9,0.1,0.219
MA,1000,GB,0.9,0.042,0.595
MA,1000,G,0.9,0.045,0.67
MA,1000,GY,0.9,0.383,0.581
MA,1000,Y,0.9,0.475,0.49
MA,1000,RY,0.9,0.633,0.334
MA,1000,R,0.9,0.606,0.239
MA,1000,RB,0.8,0.299,0.121
MA,1000,B,0.8,0.113,0.276
MA,1000,GB,0.8,0.075,0.583
MA,1000,G,0.8,0.077,0.662
MA,1000,GY,0.8,0.376,0.555
MA,1000,Y,0.8,0.458,0.474
MA,1000,RY,0.8,0.58,0.353
MA,1000,R,0.8,0.555,0.24
MA,1000,RB,0.7,0.296,0.143
MA,1000,B,0.7,0.13,0.32
MA,1000,GB,0.7,0.108,0.57
MA,1000,G,0.7,0.118,0.638
MA,1000,GY,0.7,0.367,0.53
MA,1000,Y,0.7,0.438,0.461
MA,1000,RY,0.7,0.545,0.355
MA,1000,R,0.7,0.519,0.247
MA,1000,RB,0.6,0.288,0.166
MA,1000,B,0.6,0.155,0.352
MA,1000,GB,0.6,0.141,0.558
MA,1000,G,0.6,0.16,0.611
MA,1000,GY,0.6,0.356,0.508
MA,1000,Y,0.6,0.419,0.447
MA,1000,RY,0.6,0.513,0.353
MA,1000,R,0.6,0.497,0.261
MA,1000,RB,0.5,0.281,0.185
MA,1000,B,0.5,0.18,0.382
MA,1000,GB,0.5,0.173,0.534
MA,1000,G,0.5,0.195,0.572
MA,1000,GY,0.5,0.346,0.485
MA,1000,Y,0.5,0.401,0.432
MA,1000,RY,0.5,0.489,0.344
MA,1000,R,0.5,0.472,0.274
MA,1000,RB,0.4,0.269,0.205
MA,1000,B,0.4,0.207,0.395
MA,1000,GB,0.4,0.213,0.512
MA,1000,G,0.4,0.23,0.535
MA,1000,GY,0.4,0.332,0.466
MA,1000,Y,0.4,0.383,0.416
MA,1000,RY,0.4,0.466,0.333
MA,1000,R,0.4,0.452,0.29
MA,1000,RB,0.3,0.28,0.243
MA,1000,B,0.3,0.236,0.409
MA,1000,GB,0.3,0.25,0.478
MA,1000,G,0.3,0.257,0.483
MA,1000,GY,0.3,0.323,0.441
MA,1000,Y,0.3,0.366,0.4
MA,1000,RY,0.3,0.444,0.322
MA,1000,R,0.3,0.428,0.304
MA,1000,RB,0.2,0.293,0.277
MA,1000,GY,0.2,0.31,0.419
MA,1000,Y,0.2,0.349,0.384
MA,1000,RY,0.2,0.412,0.321
