experiment,background,standard,direction,n,empirical_logistic_pse,predicted_pse,logistic_scale
1,10.0,1,1,600,0.7502859797170458,0.6643644857180773,0.17780478480137088
1,10.0,1,2,600,0.7028215402343384,0.7771096209066923,0.06137273388476023
1,10.0,1,3,600,0.7742745555511954,0.9200300888277215,0.09644933287373557
1,10.0,1,4,600,0.8316085305723315,0.8868146321035726,0.15947325542527074
1,10.0,1,5,600,0.37390611028804593,0.4977877149749069,0.048676214837128536
1,10.0,1,6,600,0.7037014122227389,1.0,0.07438983644194685
1,10.0,1,7,600,0.6771075671949454,0.6784545880652291,0.06291222393032712
1,10.0,1,8,600,0.41447609923163425,0.3994774706380686,0.03528983724876159
1,10.0,1,9,600,0.5007363387793347,0.49267763899919403,0.02669591143738454
1,10.0,1,10,600,0.5268470962751378,0.5361305131208478,0.0277883829092569
1,10.0,2,1,600,0.49915953641262406,0.47292123906899974,0.13270268467763152
1,10.0,2,2,600,0.5595150992495839,0.5374085024647899,0.060789790436540744
1,10.0,2,3,600,0.616980728798493,0.6155200969497159,0.053705334803948124
1,10.0,2,4,600,0.5765499182916168,0.5720820588716937,0.0418293282644399
1,10.0,2,5,600,0.279144928535216,0.3044239051649926,0.028590210370045395
1,10.0,2,6,600,0.592400598819498,0.6679316966355817,0.061209964411974495
1,10.0,2,7,600,0.5517969826206668,0.4456623012858344,0.08302191276594292
1,10.0,2,8,600,0.3294843143677919,0.27049577323232865,0.05915235473225574
1,10.0,2,9,600,0.387149012787291,0.3411183878996501,0.05449388419842584
1,10.0,2,10,600,0.41634342403343866,0.3776943433393628,0.06329761822547891
1,10.0,3,1,600,0.3249230668525171,0.3409034148954919,0.15815763448114098
1,10.0,3,2,600,0.40848463619501746,0.3799203448156653,0.10053627077887559
1,10.0,3,3,600,0.4625125776338567,0.42602373110497904,0.08133306708234449
1,10.0,3,4,600,0.4183238789088376,0.38733913934070086,0.08275838027754406
1,10.0,3,5,600,0.21643271636897968,0.200011268761715,0.023541668606341704
1,10.0,3,6,600,0.48193118545811653,0.440463026113029,0.03543775376357079
1,10.0,3,7,600,0.39962367122992815,0.30501385320226637,0.09193396125245135
1,10.0,3,8,600,0.23589734187367734,0.1886415975480918,0.06459635944974794
1,10.0,3,9,600,0.2712589728706057,0.2413432506180611,0.08749559080214982
1,10.0,3,10,600,0.28717411300879864,0.2703325552367303,0.08522398493716903
1,45.0,1,1,600,0.5131289716230719,0.5289520534083261,0.060625940184591096
1,45.0,1,2,600,0.5227341667633686,0.5149295655051067,0.06777888515137881
1,45.0,1,3,600,0.5461654501755665,0.5668372046898125,0.08911390886492979
1,45.0,1,4,600,0.4844242728836432,0.5159388651204251,0.079550083473993
1,45.0,1,5,600,0.23017726020008397,0.27168635927934615,0.04379007345516153
1,45.0,1,6,600,0.5806894363338059,0.6805433586944132,0.0938471221579927
1,45.0,1,7,600,0.5908450427179739,0.5881416194664315,0.07292827380651255
1,45.0,1,8,600,0.40098671307576916,0.38580554503834374,0.04029001945465886
1,45.0,1,9,600,0.5078450964095905,0.4945527121102129,0.01980149822512904
1,45.0,1,10,600,0.5223447642567011,0.5215866739092938,0.03334432026788629
1,45.0,2,1,600,0.672855018715721,0.5741671989823689,0.15866629832293505
1,45.0,2,2,600,0.6071044142687041,0.5633220377952655,0.12012662993832357
1,45.0,2,3,600,0.6215694664748541,0.6241779470514517,0.05581290709963742
1,45.0,2,4,600,0.5897689563074394,0.5718938518567191,0.03818314156168362
1,45.0,2,5,600,0.29646315978865756,0.3039290237553002,0.06056033380422647
1,45.0,2,6,600,0.7156566096396784,0.7621239158120281,0.12194754200345363
1,45.0,2,7,600,0.7169239403258656,0.6510991081581239,0.1339306314774705
1,45.0,2,8,600,0.46653108445472546,0.4235586440222172,0.09913240209209974
1,45.0,2,9,600,0.5759256252336785,0.5392922639732038,0.08037752364877254
1,45.0,2,10,600,0.6173482766416063,0.5661404296385062,0.10284794263243775
1,45.0,3,1,600,0.4355929743610231,0.3913795686001448,0.07734032307948978
1,45.0,3,2,600,0.4574893005562373,0.37220680104694936,0.0703196549490943
1,45.0,3,3,600,0.4450876555723975,0.40199634479492363,0.06994538708989416
1,45.0,3,4,600,0.36570844830439114,0.359106796584714,0.0747246428087785
1,45.0,3,5,600,0.16639318843383788,0.18437801391144026,0.03055973543092175
1,45.0,3,6,600,0.5025183555740147,0.4605101747651057,0.05245050777338605
1,45.0,3,7,600,0.5271577635983885,0.4108262568312002,0.07823437416579863
1,45.0,3,8,600,0.36545084516542053,0.275997875801518,0.09229651315118152
1,45.0,3,9,600,0.4336416174452075,0.36090798998458595,0.06653491857654222
1,45.0,3,10,600,0.4614643910546177,0.38599576650376843,0.09233065929330372
2,50.0,1,1,720,0.8239321749413696,0.6790338498117521,0.25485371930451395
2,50.0,1,2,720,0.5911486823887061,0.5506030950469893,0.08184305692153471
2,50.0,1,3,720,0.6271223612192796,0.6222968240772817,0.07001113855576585
2,50.0,1,4,720,0.6388423422513992,0.5732973594974793,0.09113060580431707
2,50.0,1,5,720,0.3638491987551875,0.3534327623751662,0.05755594731330401
2,50.0,1,6,720,0.6922890674655142,0.7183411182133685,0.08892322562378303
2,50.0,1,7,720,0.564658602897165,0.5408761190700822,0.056725080789861264
2,50.0,1,8,720,0.6013675916398018,0.5860884744176476,0.053601653629626086
2,50.0,1,9,720,0.6684056941515508,0.6483962931014517,0.0344513822725437
2,50.0,1,10,720,0.6078279551951143,0.5838170073965865,0.035025717417536927
2,50.0,2,1,720,0.5576986160125941,0.590679579458375,0.11509402124679902
2,50.0,2,2,720,0.47013108020127914,0.47301795758312803,0.07341385217279892
2,50.0,2,3,720,0.5024350394885226,0.528048783391049,0.04861791577401369
2,50.0,2,4,720,0.49599606259529755,0.48013168340442125,0.045541693115222416
2,50.0,2,5,720,0.2808610389800597,0.29108004840847923,0.035548164831591574
2,50.0,2,6,720,0.5560825338289156,0.5908023320791824,0.0788599088871069
2,50.0,2,7,720,0.4598689885549099,0.45515360639616864,0.06225093694247722
2,50.0,2,8,720,0.47875092390321167,0.49982624281600097,0.09780560710066702
2,50.0,2,9,720,0.5255106688388724,0.5585309912728498,0.07223475472410357
2,50.0,2,10,720,0.4686213761997735,0.5067051078280955,0.06764671072577023
2,50.0,3,1,720,0.3362230622869686,0.4144268151738526,0.14077882950683
2,50.0,3,2,720,0.2987543577941251,0.323859356267993,0.09814862339728382
2,50.0,3,3,720,0.32197203518103334,0.3532040947505357,0.10379953036103046
2,50.0,3,4,720,0.31204558077002503,0.3135731631743097,0.0780864547049193
2,50.0,3,5,720,0.17773809708086014,0.1846211486848917,0.04537458243121682
2,50.0,3,6,720,0.38116889807426557,0.3738510800402891,0.03938684410794592
2,50.0,3,7,720,0.2581104438015573,0.29983313976534365,0.09825353691455888
2,50.0,3,8,720,0.28077967668330556,0.3374761446460891,0.11925759900970402
2,50.0,3,9,720,0.2803773099879482,0.3843970227810861,0.14532288970580082
2,50.0,3,10,720,0.2722565927621641,0.3539149115634199,0.11332947256484037
2,120.0,1,1,720,0.6112833080063343,0.5897742182881283,0.2611231738951058
2,120.0,1,2,720,0.4282832343661103,0.4269180345163869,0.09603847173243273
2,120.0,1,3,720,0.4539548762896036,0.4625194522868168,0.09935471912789172
2,120.0,1,4,720,0.40774084227696444,0.41287003263702005,0.09351379656582534
2,120.0,1,5,720,0.22927188670714696,0.24695741643440283,0.047253704088864895
2,120.0,1,6,720,0.5266856758367419,0.5432524012396553,0.17750748257619134
2,120.0,1,7,720,0.4939578343058316,0.49543975076270197,0.10807132641921795
2,120.0,1,8,720,0.5757807454423538,0.5739061515311272,0.09888626780031311
2,120.0,1,9,720,0.6508113672142606,0.649885559795832,0.09826638236468599
2,120.0,1,10,720,0.5474004449470475,0.5739209783532069,0.09730115501271873
2,120.0,2,1,720,0.6949229412908821,0.6651038331133619,0.24106037231582814
2,120.0,2,2,720,0.5182141164111685,0.48701086256675896,0.10073015274089175
2,120.0,2,3,720,0.5122311577899759,0.5326335028159899,0.0821585506946152
2,120.0,2,4,720,0.48108037318524616,0.4800197672912133,0.07255318127300843
2,120.0,2,5,720,0.28580793241745717,0.29055021429824124,0.058755362714176355
2,120.0,2,6,720,0.6140717497793434,0.6410621366486158,0.15758650884783595
2,120.0,2,7,720,0.5604558137960398,0.5751436519772466,0.09128327869047442
2,120.0,2,8,720,0.656370766766107,0.6579442455512494,0.10179912371922707
2,120.0,2,9,720,0.7385361659543728,0.7376653078392639,0.10910581825692321
2,120.0,2,10,720,0.6304044706974563,0.6469494672038523,0.08771389969280692
2,120.0,3,1,720,0.4503455313674072,0.4512155911937714,0.12092955692547123
2,120.0,3,2,720,0.3439148221404394,0.31989733326743297,0.09792600651996537
2,120.0,3,3,720,0.3558356347983802,0.34086414178907987,0.09119751986449379
2,120.0,3,4,720,0.2904285492859458,0.29933765964341574,0.10646067545933087
2,120.0,3,5,720,0.16840705769822,0.1755471674173208,0.04633618293241566
2,120.0,3,6,720,0.42751595677259546,0.3842848722793061,0.07462217153163632
2,120.0,3,7,720,0.43245136785181465,0.3601284978185837,0.08392232668845105
2,120.0,3,8,720,0.4808856607320233,0.42628203558426525,0.1272906123475913
2,120.0,3,9,720,0.544516940906017,0.49135761218830265,0.14974211028061601
2,120.0,3,10,720,0.4309698016781857,0.43943197217316743,0.15125301802361038
3,30.0,1,2,540,0.8267223746748177,0.7087827823174928,0.142808876695999
3,30.0,1,5,540,0.46593714337929076,0.3977914989525074,0.08326457917484026
3,30.0,1,8,540,0.5507302583504657,0.48820277898495035,0.06003903993253718
3,30.0,2,2,540,0.6037843532192062,0.5766120057325739,0.0686214152347042
3,30.0,2,5,540,0.31332859831457915,0.3042470548916366,0.04169925915175996
3,30.0,2,8,540,0.37106683257100265,0.3930054416880614,0.09497040006396844
3,30.0,3,2,540,0.44882741160371104,0.3979561191525043,0.08692961057373742
3,30.0,3,5,540,0.2161960155566355,0.1942657932702888,0.045812994211672266
3,30.0,3,8,540,0.2353984730489119,0.2674516768388434,0.08142978418392742
3,40.0,1,2,540,0.7494768884788664,0.6533206371649294,0.09951553430701636
3,40.0,1,5,540,0.4492331059987813,0.35268697635693647,0.06613888416738263
3,40.0,1,8,540,0.5190872707174166,0.48483649231828796,0.048095085581529945
3,40.0,2,2,540,0.5845691998413671,0.5820614837080649,0.060893020705158875
3,40.0,2,5,540,0.3415511240473926,0.30414885608728426,0.04319662462926625
3,40.0,2,8,540,0.4101184125934736,0.4295930129177321,0.07234444958690987
3,40.0,3,2,540,0.3995850276436072,0.39636669838221417,0.0663880566408757
3,40.0,3,5,540,0.2032753286684922,0.1911529347079317,0.03791396033480321
3,40.0,3,8,540,0.26348410251251353,0.28843141821597185,0.05670538185204667
3,50.0,1,2,540,0.6625825471978685,0.6118774033602636,0.06604536749458982
3,50.0,1,5,540,0.4307614588885751,0.32090024320037247,0.06844408030801917
3,50.0,1,8,540,0.4951582259687748,0.482159830746965,0.03620710421034612
3,50.0,2,2,540,0.5836484382780965,0.5864557284188334,0.041544682397970045
3,50.0,2,5,540,0.3559443210340682,0.30407032343649565,0.050634288658701565
3,50.0,2,8,540,0.4407796891405079,0.46125179342560074,0.04966499618123825
3,50.0,3,2,540,0.3254005236025666,0.3950995383195113,0.04744071246837669
3,50.0,3,5,540,0.18204336315477118,0.18870230198798327,0.02416848228536877
3,50.0,3,8,540,0.22744137680804494,0.30637844326621755,0.047363429734147096
3,60.0,1,2,540,0.5814005012984844,0.579805864877873,0.06566215424331477
3,60.0,1,5,540,0.34923304298414043,0.2973561048360954,0.06363851686314448
3,60.0,1,8,540,0.5101703048550482,0.4799805993874787,0.055685201610536264
3,60.0,2,2,540,0.5765536684625115,0.5900740778531062,0.07384728821536472
3,60.0,2,5,540,0.31719301793591975,0.3040060868926244,0.04239111846357642
3,60.0,2,8,540,0.4850796090369461,0.4888453943909644,0.07281908826596023
3,60.0,3,2,540,0.3769550078639397,0.39406565637219715,0.07161964279690855
3,60.0,3,5,540,0.1801367350654638,0.18672301276270303,0.03666021278952645
3,60.0,3,8,540,0.3369972810782772,0.32187837512524153,0.07016141978707797
3,70.0,1,2,540,0.5909836995185844,0.5542885093971204,0.10333420954166622
3,70.0,1,5,540,0.32767701545762334,0.2792500218857277,0.0824730480202247
3,70.0,1,8,540,0.5054735499337039,0.4781719419322601,0.06618292501088
3,70.0,2,2,540,0.5800621854160135,0.593105300907053,0.07330048697248596
3,70.0,2,5,540,0.335274913151934,0.3039525684278733,0.05824078909741114
3,70.0,2,8,540,0.5128777167014715,0.5130687851997733,0.07868106603925167
3,70.0,3,2,540,0.38141612492241794,0.39320606718793616,0.08640555036870047
3,70.0,3,5,540,0.1694812028389605,0.18509108080629982,0.05231584210551831
3,70.0,3,8,540,0.36486605538526606,0.3353836491442733,0.09962613690982268
