gamut,family,H,balancedCV,metricCV,balancedJump,metricJump
srgb,black,0,0.32305424150854767,0.33439292797386594,0.029934269981893764,0.03938388322308876
srgb,black,5,0.30661533794860063,0.35576601055203383,0.030165481992809835,0.04810951321608979
srgb,black,10,0.31264638341633233,0.32194135585458644,0.02844124887822242,0.04044667221642138
srgb,black,15,0.29017665402760884,0.29663051321433637,0.0262696203286987,0.03510197101106774
srgb,black,20,0.284080640910696,0.3016556462984827,0.02654976056834254,0.03822430421318688
srgb,black,25,0.32664264431113954,0.3091237061637867,0.029721557353226437,0.043151329664591606
srgb,black,30,0.3593123354659125,0.33181918877742494,0.03261388680993495,0.04626501628110911
srgb,black,35,0.37019326088776194,0.32729318403121793,0.03283891672767451,0.04515034355305854
srgb,black,40,0.3601296323178457,0.3288305138652354,0.028376037487989843,0.03927775687033929
srgb,black,45,0.3502449649045133,0.36587161365712406,0.02662638942038075,0.03464745548916191
srgb,black,50,0.3378582690820607,0.3482496588841658,0.025584361008795315,0.03375649121546159
srgb,black,55,0.31056606278381454,0.3068494168869201,0.024863131001133496,0.027298235610192723
srgb,black,60,0.27710686137287105,0.3056185185091892,0.023715764380003345,0.028147636265699844
srgb,black,65,0.2664700525660598,0.34272814615663827,0.02282990642908134,0.028730806045694873
srgb,black,70,0.27996381896320977,0.35550925265344563,0.023846498425915068,0.027833761452401233
srgb,black,75,0.2964486298347561,0.28969682092292376,0.02519033251945487,0.025309247285180414
srgb,black,80,0.28500138680974524,0.19864419098052313,0.02570574435781517,0.02319490419786769
srgb,black,85,0.24919783332491763,0.18093531811037966,0.02555479881651395,0.021711705955250425
srgb,black,90,0.2215891113389437,0.18625123452456077,0.024885592832793593,0.02048757605585253
srgb,black,95,0.21335499926545937,0.19897409239746428,0.02448159729813736,0.022909776909703514
srgb,black,100,0.23365513861379897,0.21654317294275466,0.025224371483798236,0.026003943678744784
srgb,black,105,0.2739733723920591,0.20699891290803502,0.028197723122635188,0.026953175473635328
srgb,black,110,0.30335108936981425,0.1779115230367585,0.03009542449684264,0.02533889164013815
srgb,black,115,0.31335892512113656,0.1656888371537695,0.03030615243756622,0.025135993516606635
srgb,black,120,0.33554691639486695,0.18878587743237288,0.03320648507462882,0.02706435637965348
srgb,black,125,0.34726422733035495,0.23336584417661058,0.03040764894826715,0.027584740385121487
srgb,black,130,0.3580901778447944,0.2534401041652765,0.029227095992790476,0.02529534608916027
srgb,black,135,0.3449844812751559,0.24924460735398676,0.02800824260458789,0.024807918156948754
srgb,black,140,0.29085799269356916,0.20218161117546912,0.025429407782540426,0.02410116080195778
srgb,black,145,0.2403607687903523,0.16075413902519356,0.022524186319310024,0.01981092791535209
srgb,black,150,0.23374796820461302,0.17393404917049143,0.02147519455702762,0.020892441988012503
srgb,black,155,0.2416945250183736,0.21509109332576135,0.019765262172012264,0.02612392508403198
srgb,black,160,0.25236793111603195,0.3333393514502814,0.025026985994719468,0.03380998879428903
srgb,black,165,0.2788969783992451,0.3427280839643393,0.028536955151225972,0.04083369724535482
srgb,black,170,0.3019973411786454,0.40825940808988614,0.030862654529321937,0.04378733492047151
srgb,black,175,0.25011830736374413,0.3715094518441173,0.02737874846255492,0.03992355860587478
srgb,black,180,0.2581347701434812,0.3260371771376219,0.02780108547940942,0.03899948820354629
srgb,black,185,0.2902378575383353,0.26162200735681934,0.03309231073895781,0.036038656309707325
srgb,black,190,0.3487941464748457,0.2502559973157701,0.03992101738719274,0.039271573710343004
srgb,black,195,0.4285928734771824,0.2918856844092538,0.04454922711428631,0.03603759707196689
srgb,black,200,0.4550918558435006,0.3167010027546877,0.04624288245275659,0.03387208411199388
srgb,black,205,0.43393865364755946,0.3380763743673224,0.04242035321473854,0.04230263944718756
srgb,black,210,0.4033841310926479,0.34680147946229856,0.04381764235265669,0.04657567002127922
srgb,black,215,0.3790671054015844,0.33424732500470833,0.04427858340823779,0.04844522102051574
srgb,black,220,0.36486993733088,0.33605366490594074,0.040217078867038694,0.04569794140881865
srgb,black,225,0.34239271032066415,0.33982945227107914,0.03500985386917493,0.03860112939720288
srgb,black,230,0.3374735718128853,0.4053836296948282,0.03461668151930836,0.06789756320447683
srgb,black,235,0.32315739125509957,0.44807630704266926,0.03308374137619668,0.06607384673616441
srgb,black,240,0.30172309573506684,0.3572363057213334,0.03337601562551029,0.03953882702297455
srgb,black,245,0.308992162612382,0.39873675839975176,0.033163793518510384,0.03552152398901798
srgb,black,250,0.3363555501367984,0.5367544165388377,0.03237272286999445,0.03850121503422047
srgb,black,255,0.2966687883556649,0.5561370515518673,0.03225179440095959,0.04952918005624524
srgb,black,260,0.3477303959755697,0.6140357648754368,0.042272320263259874,0.0557718220658175
srgb,black,265,0.32528271356162336,0.5949834593301517,0.041962670896899826,0.05688231382832963
srgb,black,270,0.31550695783974986,0.5831701372652385,0.0397811737415265,0.055817550851830114
srgb,black,275,0.3375742325786937,0.5552627986862962,0.04002307434587625,0.055679998920281935
srgb,black,280,0.39224515447067243,0.4494144248898856,0.04112593757546009,0.05563765413130042
srgb,black,285,0.33763114682186146,0.3843994631586526,0.035242084471597386,0.046226181899795354
srgb,black,290,0.3145989019294667,0.2994706440332083,0.03180736502391586,0.03521723302581457
srgb,black,295,0.33685576163618147,0.25353664467415304,0.032367856278508265,0.027421300293424523
srgb,black,300,0.29311076575890954,0.2288501923133,0.02873787082885932,0.025101647927811464
srgb,black,305,0.24280667341791165,0.2437844928824683,0.02576611720352594,0.029162364515686275
srgb,black,310,0.2139797283263174,0.2364374527066469,0.02378689139882656,0.027194573308732473
srgb,black,315,0.2114526869911259,0.2319200603034745,0.02381743307466801,0.02347753124903789
srgb,black,320,0.23404675801844227,0.26982727929107453,0.023255427904674185,0.02356375972110589
srgb,black,325,0.28293937625616755,0.349513430414511,0.023520580059216208,0.026587209470705996
srgb,black,330,0.32860602380902815,0.40860474034231953,0.026605775718079143,0.0324110881936686
srgb,black,335,0.39078036956247747,0.4878714932942546,0.033750751689529686,0.05254609822321553
srgb,black,340,0.4370353926860127,0.5606003324510882,0.03786345046544536,0.07610418247073547
srgb,black,345,0.41219417777258627,0.533317521446576,0.03422419491839644,0.0705192774511662
srgb,black,350,0.3577369238499669,0.4416944473238729,0.03040443156088003,0.055715372154788265
srgb,black,355,0.32437641330022987,0.3238188708147668,0.029086300949877374,0.043755729037074906
srgb,white,0,0.15413302015120411,0.3126990516620838,0.012161728407451392,0.022649331900959125
srgb,white,5,0.1420222059096814,0.2973261153725889,0.011414432495844312,0.020434486026819902
srgb,white,10,0.1695377073420208,0.3173152848458374,0.011084758650645638,0.018341386862021282
srgb,white,15,0.17652536454340087,0.3471089484399362,0.011609801088329782,0.019170516506482427
srgb,white,20,0.21566938756488016,0.38904035791411495,0.013279187242701138,0.020124257921671548
srgb,white,25,0.25094326016740903,0.38445589892605775,0.015594124408108492,0.01879284352668285
srgb,white,30,0.2517854966089105,0.34010402091048675,0.017766229220926646,0.016615939326425334
srgb,white,35,0.21253582355331369,0.24175489496265667,0.015603584084454511,0.012920768062854434
srgb,white,40,0.16553990633749582,0.19844683612069797,0.012500708774216723,0.014133352623805644
srgb,white,45,0.15230720730376834,0.20244457766967527,0.012050020534346319,0.014009364570173233
srgb,white,50,0.13373592065799392,0.21133791099188928,0.010342626316545643,0.014839919645273956
srgb,white,55,0.10949518661759435,0.2011922932791302,0.008231485108495487,0.017417857829215424
srgb,white,60,0.09194273501807697,0.21878017065352595,0.008780652126693869,0.023373635412569826
srgb,white,65,0.11320185735556268,0.25791658677652796,0.012201599546003049,0.027771779334712303
srgb,white,70,0.14365613341961433,0.2861277045798611,0.015277188966276256,0.02807013860548342
srgb,white,75,0.1622772430979,0.2652729288275117,0.017480117247708635,0.026118676901540037
srgb,white,80,0.15584250871720762,0.23606136674104622,0.016651475942859338,0.024964256052417776
srgb,white,85,0.15032401568187564,0.2755230914952097,0.014734034005465784,0.02532169084702171
srgb,white,90,0.15719727115988374,0.3129245437500107,0.01225393929833173,0.02449716600958567
srgb,white,95,0.19292333601952558,0.355686944565569,0.013330679178838326,0.026076915963432735
srgb,white,100,0.2412589987267558,0.3693383721027811,0.01706471299335997,0.025349204333522585
srgb,white,105,0.2925310876515339,0.3519519734478365,0.020412375791465428,0.020613101050645306
srgb,white,110,0.32396781091993476,0.3704661989506032,0.02270897095827597,0.018724082477114358
srgb,white,115,0.29928280291194853,0.39341256521802254,0.02198488853704601,0.020116494304636506
srgb,white,120,0.22071289897461988,0.3672522894802698,0.020094948467061648,0.01972701193858437
srgb,white,125,0.15777357874493422,0.32064790417669753,0.017832124876391055,0.018740455797568396
srgb,white,130,0.14646548571864604,0.25396788841851203,0.016382046587785172,0.013506053247514868
srgb,white,135,0.18744241549755136,0.2468392911873012,0.014748321427228914,0.010951363277471367
srgb,white,140,0.2030145168054191,0.2976200050358726,0.011172079345311657,0.013784323187313024
srgb,white,145,0.14439801546360337,0.2824273358161168,0.009355132076074286,0.012085453857344853
srgb,white,150,0.13130461835990803,0.21634867423702048,0.008650053369153064,0.0116364866589146
srgb,white,155,0.17725358642242164,0.21783040708941623,0.011233386551278587,0.017264190410464324
srgb,white,160,0.2221468484985783,0.2601864484340988,0.01557555565404771,0.024186607846983295
srgb,white,165,0.2125032886021375,0.21733442993741744,0.012956542890256833,0.015586447043338694
srgb,white,170,0.2130440346900572,0.26678313859610775,0.011922763299461556,0.018558428495710582
srgb,white,175,0.18197651934534897,0.30215905675316795,0.011350762602984173,0.023460987166892076
srgb,white,180,0.1876147731143185,0.2787670657957923,0.013714153998973336,0.02132204053626548
srgb,white,185,0.1818634301662851,0.24264523950088934,0.013991771837242942,0.018090906229600735
srgb,white,190,0.25445768581951567,0.22591973592345194,0.018473364237346704,0.018863752063874698
srgb,white,195,0.2427751185400271,0.18371809700416208,0.019324463354418932,0.01781128119402644
srgb,white,200,0.18723197142817594,0.1778477066676802,0.02033199746612973,0.015237316418295371
srgb,white,205,0.1818059319892592,0.1671271088638791,0.014313759662587206,0.016287771658526736
srgb,white,210,0.17644130936721988,0.24458031281946985,0.011575090030571137,0.01934494666161902
srgb,white,215,0.16282917331692348,0.40743961749361535,0.010152734733981964,0.02457944383397338
srgb,white,220,0.16589476016828947,0.43755325089295677,0.008307273028194223,0.02555494909826561
srgb,white,225,0.194016942497245,0.35133278238618015,0.011434936048742125,0.025909988429562786
srgb,white,230,0.1804780574967096,0.25282635012014903,0.014366175584132493,0.029039873024414235
srgb,white,235,0.16581753956461656,0.252598998834202,0.015092926828669284,0.02923540850470774
srgb,white,240,0.25340587014499205,0.2874538753114527,0.019671808822678057,0.029177658568976406
srgb,white,245,0.2607325857909685,0.27972344617886014,0.01862762093555596,0.02084999896850135
srgb,white,250,0.20730892802395928,0.23666911265587406,0.014779509983319353,0.019668173468731058
srgb,white,255,0.1571607694659332,0.23671608762996238,0.012416643192553731,0.022167360142531754
srgb,white,260,0.20642770951951336,0.28957456717655766,0.012354432530871224,0.02078981315500495
srgb,white,265,0.25478201315050575,0.32226785483169496,0.013087835584606253,0.019475726695254353
srgb,white,270,0.33455591282073954,0.4308830539907261,0.01623271361640456,0.020288513769221438
srgb,white,275,0.3794593487556964,0.5931995416389924,0.021871918018576027,0.02602469065659631
srgb,white,280,0.3228346209176432,0.5708929857336843,0.02121930753629498,0.02576767786654479
srgb,white,285,0.16891875489465094,0.3183659906833819,0.01737661554124015,0.01778010711940426
srgb,white,290,0.23075801211150945,0.32265272656090704,0.01623281240490008,0.019221609015312637
srgb,white,295,0.2896490600982352,0.4100565966893922,0.014579390625914993,0.017855837933401564
srgb,white,300,0.1905207869297779,0.316203023279437,0.01170415315842976,0.015004747904683573
srgb,white,305,0.16644261933072566,0.23757657667263593,0.009694683356776267,0.013785875026987134
srgb,white,310,0.21786971639376893,0.2514951361012987,0.010015471799693284,0.013150270721341598
srgb,white,315,0.21969481237742378,0.2331684466156699,0.010300550783498083,0.011705523708683017
srgb,white,320,0.1884989167742907,0.16749921276873664,0.010943313086753318,0.009654227366531504
srgb,white,325,0.14514501431128654,0.19340835774973505,0.010581700420149939,0.010794808936052325
srgb,white,330,0.1292624812628938,0.3214828344604217,0.00952582648355493,0.01620282583858471
srgb,white,335,0.18307556564981903,0.43192541943050317,0.01411569941913197,0.02497627152788131
srgb,white,340,0.21250633888083162,0.4937395038601359,0.01525461416560479,0.034160280793603066
srgb,white,345,0.19620879737301972,0.404691719556843,0.01678172596419898,0.03109152193998983
srgb,white,350,0.19967463613782405,0.3246456917316721,0.016450406415041953,0.024293229698181408
srgb,white,355,0.18093382977271358,0.31345242101409193,0.015291954934093544,0.022338465525702
full,black,0,0.379649435646077,0.4124257613034338,0.029846261099232753,0.03592567785143862
full,black,5,0.37867425772736574,0.460060528222819,0.030726486781269935,0.04404662180250356
full,black,10,0.39157261936838794,0.4922894112920063,0.029290131469214498,0.03740543365982962
full,black,15,0.39699847811408273,0.5092662678552959,0.029203353827747504,0.03463728075380046
full,black,20,0.39693848112853114,0.48508840140825604,0.030088618410458744,0.03537010633825551
full,black,25,0.3915155761815462,0.4161402481102211,0.031568343823968115,0.03488920516640284
full,black,30,0.38265897333846854,0.36943260958236224,0.03220241647662133,0.03494394657765973
full,black,35,0.3715473082123645,0.3483293936155892,0.0305398261320916,0.03425843538378094
full,black,40,0.3676198781732567,0.34353848027114076,0.028133109260208074,0.03306182826273584
full,black,45,0.36279226861976077,0.3541051494801962,0.026648996700051115,0.032217125222559984
full,black,50,0.3501074302275352,0.33538451001381436,0.025950329977186555,0.031340472374543404
full,black,55,0.321613918922555,0.31442521136661,0.02503052143744037,0.029571062858206997
full,black,60,0.29163113080690495,0.31805576574037364,0.024958090059186585,0.029924342113326084
full,black,65,0.2812508980810605,0.3478633774358476,0.024568918119625287,0.029368322612838272
full,black,70,0.2858037370806798,0.34777300623351953,0.025113128225669884,0.02903115252480613
full,black,75,0.29050317229929556,0.2789750069632325,0.025386126325478743,0.02616790646631988
full,black,80,0.27462005048807187,0.1955336032205676,0.025167160155821218,0.022754368019121788
full,black,85,0.24171973578165612,0.1814558229966809,0.02508099912272544,0.02132699653140574
full,black,90,0.21685266744200898,0.19033579500357875,0.02456353462194697,0.02221477282400671
full,black,95,0.20913060300952097,0.20570120747391366,0.024845998920903264,0.024136158997885026
full,black,100,0.22945617690130046,0.221558607202429,0.025889688735234062,0.026513195927371336
full,black,105,0.2704344543519822,0.20617547699414107,0.02883453703355071,0.027113622719866587
full,black,110,0.30117176585566924,0.17662345819591702,0.030848999559445322,0.025348540298842377
full,black,115,0.3131568718420743,0.17202965440616827,0.030608724356814165,0.025666971984681153
full,black,120,0.33304644843701625,0.19575128699748717,0.03245851590566741,0.02687245214488996
full,black,125,0.3410502676017472,0.2390974570228411,0.029821060534796207,0.027652003946888
full,black,130,0.34309417222232796,0.25276742162294863,0.02800863832994536,0.024875667079873643
full,black,135,0.31952057907377324,0.23716165341130618,0.025834867491732815,0.023366227966516374
full,black,140,0.26298272624849267,0.19116165850353015,0.024492996398273445,0.022428088694262244
full,black,145,0.21928778671715862,0.20332219937878468,0.022052136315973685,0.02137195262556165
full,black,150,0.2284032998608112,0.23103405266765242,0.02221019769445783,0.02320238086676115
full,black,155,0.2422881173199428,0.21876250046326734,0.020841859218638854,0.026159862117337156
full,black,160,0.27001483214842253,0.3227656607431716,0.024990586453365424,0.034205659493607515
full,black,165,0.34950577347795087,0.39233654199059387,0.03082403278623812,0.04500878131488424
full,black,170,0.3923341668296951,0.41826936207791254,0.03817470223285386,0.05423037999532741
full,black,175,0.3393268896777011,0.3953548512059882,0.03621484485927063,0.055675291887695114
full,black,180,0.4051237221434252,0.44495239195900826,0.03565295680958254,0.04884545903703623
full,black,185,0.29607605755155214,0.25964128597243574,0.03250540365246243,0.037488258059204686
full,black,190,0.3008748086025167,0.2391836304944593,0.03678741034496337,0.039241607457702124
full,black,195,0.36702612113671695,0.2668155717287252,0.04221842143912887,0.03740087317588409
full,black,200,0.4120307151982326,0.29205372332831775,0.044013424131725765,0.03450966901659827
full,black,205,0.4263991746436922,0.3305808152692136,0.04097906998992814,0.04256544631391632
full,black,210,0.4186976866461992,0.3610172040980272,0.03896750743065304,0.05256177360352291
full,black,215,0.40374385408316843,0.4460372797714925,0.038556944095035205,0.06671648293921546
full,black,220,0.3706341956637724,0.4707721462054363,0.03926778461111516,0.06284457422089104
full,black,225,0.3722279522577909,0.5104324379102511,0.032562295498501335,0.05497290270165669
full,black,230,0.4331535519903323,0.5577948977729819,0.03783257112681355,0.0621024607401748
full,black,235,0.47213293178836624,0.5924896496358252,0.047045440303224315,0.06488009976221226
full,black,240,0.4446652874715503,0.5039532507531724,0.04759253716073309,0.053563182000256185
full,black,245,0.41085849500433047,0.4106961745991075,0.04513668934546001,0.043499919533804755
full,black,250,0.36402821802851876,0.4417188736896235,0.04315729543719762,0.04423813602287774
full,black,255,0.2936311440646816,0.4187406680146385,0.03472920761496923,0.043295166422145225
full,black,260,0.29589836657819474,0.43599166889113716,0.03389622920646759,0.046453264019140655
full,black,265,0.30333973034838396,0.4366205678945282,0.03581992996658208,0.04803931728958943
full,black,270,0.3336240112304206,0.44150841659381956,0.03637917649362706,0.04703516425307847
full,black,275,0.36970066060476536,0.435491915134261,0.035938456551260684,0.043513011358665955
full,black,280,0.38107974629914976,0.36577946293381813,0.035799363360727324,0.04113732244739674
full,black,285,0.3482170574520816,0.24776920079103668,0.034820334831056864,0.031426486952065236
full,black,290,0.4217497548490985,0.5738238767925049,0.03831162726752692,0.04598607581529378
full,black,295,0.464572694940325,0.5550047980736404,0.0355691084970109,0.035468598961857584
full,black,300,0.420689879902001,0.488860465609653,0.03288916540071441,0.0289098637845991
full,black,305,0.3426311491463838,0.40384489391099027,0.029313168992655625,0.033470301267719396
full,black,310,0.3030191324549494,0.37886862426547246,0.027267966640647123,0.03295708912951871
full,black,315,0.3442500498893666,0.3949930373074805,0.02708535715019772,0.02983353254596946
full,black,320,0.4672586754737811,0.514915608757173,0.03199150389987552,0.034959820253163784
full,black,325,0.5811169097122665,0.6753082169078296,0.03928969978506683,0.04397679717363874
full,black,330,0.6268695711881095,0.7675785145954318,0.04351024931641778,0.05092981076922202
full,black,335,0.5697587167585163,0.6635438324012528,0.04654515195956569,0.05772470941298998
full,black,340,0.41922933781712424,0.5059821196126945,0.03759499710053531,0.0653433176417261
full,black,345,0.3714935904403743,0.4418057478860657,0.03234796666551197,0.062363621779717396
full,black,350,0.3637016002968506,0.35217362063784086,0.031093022206475345,0.04947194381391305
full,black,355,0.366073641204781,0.3586623640453452,0.030265519292802134,0.03739433150728602
full,white,0,0.3324026676172604,0.5076975611782668,0.017970582673846422,0.0316730988691243
full,white,5,0.27496635789991475,0.542608917519211,0.01678043313469027,0.03226215207283119
full,white,10,0.2686630130229447,0.50197137730211,0.015560536697529093,0.02560675683904761
full,white,15,0.2771602832622689,0.4685052863439916,0.0144639834404196,0.02298488265534598
full,white,20,0.2998613927155797,0.4645136369890107,0.016469625679471783,0.023252580129535214
full,white,25,0.3105896298992798,0.45976339133752164,0.0184875507112391,0.020616252472021673
full,white,30,0.29352442453599165,0.40161294740900233,0.018867444683817475,0.017267562390340392
full,white,35,0.24732818275671348,0.2868780061150548,0.01692146556080264,0.013677383180599561
full,white,40,0.18282416457127512,0.22395949618495203,0.013198298405895734,0.014716218497733618
full,white,45,0.140519640112924,0.18860773871175462,0.012511239326938123,0.014014923564032968
full,white,50,0.12030734582220079,0.18896164584546343,0.009856078761654851,0.015961834697294244
full,white,55,0.09359410698674527,0.1976495341544094,0.007876041283870396,0.018256045850548925
full,white,60,0.08122755818215391,0.20694021309534377,0.008619863061601783,0.022969121237360876
full,white,65,0.10794978518222845,0.24821930523545155,0.011736498146458472,0.02758027173792606
full,white,70,0.1514211769294614,0.2883070991349784,0.015330929916394684,0.027153906143504675
full,white,75,0.17300574052077355,0.2746953446641253,0.01741954835392854,0.024735158974932243
full,white,80,0.16155702770385724,0.25323794697085666,0.015942564729060395,0.024162886855462883
full,white,85,0.15889365599726438,0.2843602731690017,0.014938268542164202,0.02465334103504852
full,white,90,0.16745223349604343,0.303646182090329,0.01298630642284919,0.0248508612176611
full,white,95,0.20275570019124914,0.33993847709964387,0.013972420319728413,0.02597479304718293
full,white,100,0.2510002998105706,0.36362115763418706,0.017616229904698345,0.02576440935022798
full,white,105,0.29991887830016967,0.3574792204942919,0.02045768499299292,0.021479702678091496
full,white,110,0.3258105317798236,0.3724714472148728,0.022218674816280388,0.019336410590782765
full,white,115,0.3011933643790622,0.38523243144305397,0.021677129105756514,0.019934845601242118
full,white,120,0.2288703336849079,0.366229399158435,0.01946592765026195,0.01984934131570634
full,white,125,0.15862778803293123,0.3195141831593372,0.017446569756435482,0.018973043169891252
full,white,130,0.1466441729393843,0.24967860291441218,0.015983542996987392,0.014005984621214485
full,white,135,0.1997529810557973,0.24926484024332676,0.014772763287725166,0.011048315855609957
full,white,140,0.21933797845783048,0.3208870298717368,0.0109818893286075,0.013666233732811067
full,white,145,0.15054325629573456,0.2871938720366718,0.010155352085942284,0.012865304402208563
full,white,150,0.21159410080314583,0.2598994013160115,0.013031921021507367,0.013958877240798345
full,white,155,0.35358128974490216,0.3635783742176314,0.02293211955786829,0.026481048076610357
full,white,160,0.5946121821414032,0.6439318504614894,0.028481974694215643,0.040293493497009766
full,white,165,0.7415589681180765,0.7932501194590243,0.03176356827128836,0.03813727875317759
full,white,170,0.8082803816391232,0.821008259842013,0.036783786857774114,0.04810496457928946
full,white,175,0.7690300081237444,0.7473332433832879,0.03395631406765333,0.04565570165382105
full,white,180,0.43736667073977326,0.5685100286048498,0.020001408319715752,0.02882477079207436
full,white,185,0.37540133670072756,0.464034867067683,0.01617126752402701,0.02452146644032
full,white,190,0.4582980415442677,0.5333421359855705,0.018545896421201333,0.02478512595396689
full,white,195,0.4431056886167508,0.47923543477323793,0.018667402083489416,0.02151021775537749
full,white,200,0.365998086005315,0.421287896501467,0.018540253371702474,0.01712015323974294
full,white,205,0.2954913311182547,0.4168720969096551,0.01454714159728267,0.018132136092332628
full,white,210,0.27808951233323276,0.41172185663195277,0.0151068586504131,0.026174872729666655
full,white,215,0.3254089896428146,0.537596903489517,0.018554168968439356,0.03209569934520766
full,white,220,0.35782800846582097,0.6076647388960614,0.020688077216270074,0.031740409372147685
full,white,225,0.36444339942846876,0.5664752044803693,0.029444650771303222,0.04010531423957588
full,white,230,0.44406855773794485,0.5459851998188682,0.03695044071434483,0.0439790478696008
full,white,235,0.5114501902622168,0.6140123800048555,0.03951528718770729,0.04182644848289846
full,white,240,0.5368064827549874,0.6248368429769504,0.03829036800988555,0.039958400764526475
full,white,245,0.514448177799803,0.5845261711544575,0.03477365339554032,0.037938953956483126
full,white,250,0.5544774983064424,0.679730953538364,0.02986687454189756,0.03560663343227209
full,white,255,0.5630243506218342,0.6491946330674112,0.02321222107335543,0.03403537753542116
full,white,260,0.5329148862105714,0.57371696094688,0.02222998123755523,0.03253460967594475
full,white,265,0.4964984052151166,0.5300158464210312,0.020161127628848634,0.031061923775289085
full,white,270,0.5097242865829248,0.5796487286740852,0.021694185902508184,0.02938892722838979
full,white,275,0.5241445556739197,0.7172576890536548,0.021177926730250783,0.028566888717749244
full,white,280,0.4452712626720968,0.7712927144956347,0.018301973413533804,0.026542606733750685
full,white,285,0.3176383947600172,0.6114154405175898,0.016012666004836022,0.01989018909481847
full,white,290,0.47290807532563334,0.7483740691260606,0.020007833094516484,0.03019065115303949
full,white,295,0.25147501756435564,0.6378732919428283,0.014674871379968129,0.029058872226231415
full,white,300,0.2579746447868329,0.4951186999872948,0.012327083814929498,0.021119359517003694
full,white,305,0.36092063030628874,0.42416159994193575,0.011895064826326128,0.01994642438047247
full,white,310,0.42165890065065365,0.4835577200931066,0.012641027119871012,0.020722359838567427
full,white,315,0.3947964028969027,0.4439536598035862,0.014546781926059136,0.01999258146928309
full,white,320,0.3170566217105042,0.41688432078917187,0.018711717651406452,0.021999152650694832
full,white,325,0.25597317049610335,0.3429680285420552,0.020238828951692153,0.020199243567725532
full,white,330,0.21033617097721571,0.4187347060044638,0.019547846993019945,0.024221813897014957
full,white,335,0.24888587151424718,0.5441540502213271,0.021611912890211492,0.03052904375844077
full,white,340,0.357929239872488,0.6569712413107466,0.020625027134587755,0.03748383698320928
full,white,345,0.30238670105324383,0.4987813827664425,0.020612937743662706,0.033286143890607044
full,white,350,0.2684849752740533,0.4670155964174332,0.01711672877665573,0.026040355066518545
full,white,355,0.2817283769030739,0.5148667809748833,0.014510741442247264,0.02533840729462016
