ptID,JND (DT units),chroma radius,quadrant,color dimension,direction
01,1.1537,3.24,1,hue,cw
01,1.2984,3.24,1,hue,ccw
01,1.2559,3.24,1,chroma,increasing
01,1.6278,3.24,1,chroma,decreasing
01,0.7085,3.24,4,hue,ccw
01,0.7478,3.24,4,hue,cw
01,0.9964,3.24,4,chroma,increasing
01,1.3141,3.24,4,chroma,decreasing
01,1.6657,6.48,1,hue,cw
01,2.2346,6.48,1,hue,ccw
01,1.9859,6.48,1,chroma,increasing
01,1.8777,6.48,1,chroma,decreasing
01,1.2130,6.48,4,hue,ccw
01,1.2387,6.48,4,hue,cw
01,1.4716,6.48,4,chroma,increasing
01,1.9451,6.48,4,chroma,decreasing
01,2.4629,9.18,1,hue,cw
01,1.9988,9.18,1,hue,ccw
01,2.2305,9.18,1,chroma,increasing
01,2.5946,9.18,1,chroma,decreasing
01,1.0789,9.18,4,hue,ccw
01,1.4483,9.18,4,hue,cw
01,2.3292,9.18,4,chroma,increasing
01,2.0998,9.18,4,chroma,decreasing
08,1.0981,3.24,1,hue,cw
08,1.0390,3.24,1,hue,ccw
08,1.0354,3.24,1,chroma,increasing
08,1.4044,3.24,1,chroma,decreasing
08,0.6217,3.24,4,hue,ccw
08,0.9118,3.24,4,hue,cw
08,1.3848,3.24,4,chroma,increasing
08,1.2415,3.24,4,chroma,decreasing
08,2.0781,6.48,1,hue,cw
08,2.2641,6.48,1,hue,ccw
08,2.0855,6.48,1,chroma,increasing
08,1.9300,6.48,1,chroma,decreasing
08,1.0928,6.48,4,hue,ccw
08,1.4439,6.48,4,hue,cw
08,0.8477,6.48,4,chroma,increasing
08,1.7438,6.48,4,chroma,decreasing
08,2.7236,9.18,1,hue,cw
08,1.8608,9.18,1,hue,ccw
08,2.1287,9.18,1,chroma,increasing
08,1.7412,9.18,1,chroma,decreasing
08,0.8736,9.18,4,hue,ccw
08,1.6901,9.18,4,hue,cw
08,1.6062,9.18,4,chroma,increasing
08,1.4246,9.18,4,chroma,decreasing
F01,1.2083,3.24,1,hue,cw
F01,1.3765,3.24,1,hue,ccw
F01,1.2602,3.24,1,chroma,increasing
F01,1.1925,3.24,1,chroma,decreasing
F01,0.8135,3.24,4,hue,ccw
F01,0.8180,3.24,4,hue,cw
F01,1.2495,3.24,4,chroma,increasing
F01,1.4571,3.24,4,chroma,decreasing
F01,1.7044,6.48,1,hue,cw
F01,1.9764,6.48,1,hue,ccw
F01,1.9014,6.48,1,chroma,increasing
F01,1.5168,6.48,1,chroma,decreasing
F01,1.5341,6.48,4,hue,ccw
F01,1.1628,6.48,4,hue,cw
F01,1.8115,6.48,4,chroma,increasing
F01,1.3883,6.48,4,chroma,decreasing
F01,2.6849,9.18,1,hue,cw
F01,2.6962,9.18,1,hue,ccw
F01,2.6533,9.18,1,chroma,increasing
F01,2.4101,9.18,1,chroma,decreasing
F01,1.7916,9.18,4,hue,ccw
F01,1.5318,9.18,4,hue,cw
F01,2.8412,9.18,4,chroma,increasing
F01,1.9727,9.18,4,chroma,decreasing
05,1.0303,3.24,1,hue,cw
05,1.0912,3.24,1,hue,ccw
05,1.7727,3.24,1,chroma,increasing
05,1.2878,3.24,1,chroma,decreasing
05,0.7708,3.24,4,hue,ccw
05,0.9664,3.24,4,hue,cw
05,1.3495,3.24,4,chroma,increasing
05,0.9977,3.24,4,chroma,decreasing
05,1.2331,6.48,1,hue,cw
05,2.2706,6.48,1,hue,ccw
05,2.1051,6.48,1,chroma,increasing
05,2.3761,6.48,1,chroma,decreasing
05,0.8306,6.48,4,hue,ccw
05,0.9822,6.48,4,hue,cw
05,1.0292,6.48,4,chroma,increasing
05,1.6612,6.48,4,chroma,decreasing
05,1.7871,9.18,1,hue,cw
05,2.8019,9.18,1,hue,ccw
05,2.0909,9.18,1,chroma,increasing
05,2.7820,9.18,1,chroma,decreasing
05,1.2491,9.18,4,hue,ccw
05,1.6795,9.18,4,hue,cw
05,2.0640,9.18,4,chroma,increasing
05,1.8029,9.18,4,chroma,decreasing
09,0.9336,3.24,1,hue,cw
09,0.8687,3.24,1,hue,ccw
09,0.8727,3.24,1,chroma,increasing
09,1.0627,3.24,1,chroma,decreasing
09,0.8293,3.24,4,hue,ccw
09,0.6870,3.24,4,hue,cw
09,1.1833,3.24,4,chroma,increasing
09,1.3700,3.24,4,chroma,decreasing
09,1.5844,6.48,1,hue,cw
09,2.0776,6.48,1,hue,ccw
09,1.6535,6.48,1,chroma,increasing
09,2.3788,6.48,1,chroma,decreasing
09,0.8858,6.48,4,hue,ccw
09,0.7819,6.48,4,hue,cw
09,1.8726,6.48,4,chroma,increasing
09,1.9273,6.48,4,chroma,decreasing
09,2.2380,9.18,1,hue,cw
09,2.1665,9.18,1,hue,ccw
09,2.1209,9.18,1,chroma,increasing
09,2.9505,9.18,1,chroma,decreasing
09,0.7633,9.18,4,hue,ccw
09,1.1927,9.18,4,hue,cw
09,2.0067,9.18,4,chroma,increasing
09,2.0513,9.18,4,chroma,decreasing
F02,1.1197,3.24,1,hue,cw
F02,1.5280,3.24,1,hue,ccw
F02,1.3676,3.24,1,chroma,increasing
F02,1.3690,3.24,1,chroma,decreasing
F02,0.4970,3.24,4,hue,ccw
F02,0.7354,3.24,4,hue,cw
F02,1.5027,3.24,4,chroma,increasing
F02,1.2332,3.24,4,chroma,decreasing
F02,1.4783,6.48,1,hue,cw
F02,2.2634,6.48,1,hue,ccw
F02,0.9176,6.48,1,chroma,increasing
F02,1.3690,6.48,1,chroma,decreasing
F02,0.8261,6.48,4,hue,ccw
F02,1.0947,6.48,4,hue,cw
F02,1.9148,6.48,4,chroma,increasing
F02,1.3556,6.48,4,chroma,decreasing
F02,1.7953,9.18,1,hue,cw
F02,2.1842,9.18,1,hue,ccw
F02,2.2543,9.18,1,chroma,increasing
F02,2.2072,9.18,1,chroma,decreasing
F02,1.0202,9.18,4,hue,ccw
F02,0.9698,9.18,4,hue,cw
F02,2.6350,9.18,4,chroma,increasing
F02,1.4101,9.18,4,chroma,decreasing
04,0.9140,3.24,1,hue,cw
04,1.9438,3.24,1,hue,ccw
04,0.9943,3.24,1,chroma,increasing
04,1.5576,3.24,1,chroma,decreasing
04,0.4929,3.24,4,hue,ccw
04,1.0642,3.24,4,hue,cw
04,0.8209,3.24,4,chroma,increasing
04,2.0770,3.24,4,chroma,decreasing
04,1.1010,6.48,1,hue,cw
04,2.0103,6.48,1,hue,ccw
04,1.4473,6.48,1,chroma,increasing
04,1.8478,6.48,1,chroma,decreasing
04,0.6081,6.48,4,hue,ccw
04,1.3413,6.48,4,hue,cw
04,1.9720,6.48,4,chroma,increasing
04,2.0208,6.48,4,chroma,decreasing
04,1.5521,9.18,1,hue,cw
04,2.3595,9.18,1,hue,ccw
04,2.7110,9.18,1,chroma,increasing
04,1.8594,9.18,1,chroma,decreasing
04,0.8040,9.18,4,hue,ccw
04,1.3567,9.18,4,hue,cw
04,1.4864,9.18,4,chroma,increasing
04,1.7126,9.18,4,chroma,decreasing
07,1.0562,3.24,1,hue,cw
07,1.3771,3.24,1,hue,ccw
07,1.2668,3.24,1,chroma,increasing
07,1.9910,3.24,1,chroma,decreasing
07,0.9927,3.24,4,hue,ccw
07,0.8816,3.24,4,hue,cw
07,1.0232,3.24,4,chroma,increasing
07,1.2641,3.24,4,chroma,decreasing
07,1.5868,6.48,1,hue,cw
07,1.2506,6.48,1,hue,ccw
07,0.9442,6.48,1,chroma,increasing
07,2.1903,6.48,1,chroma,decreasing
07,1.1398,6.48,4,hue,ccw
07,0.8579,6.48,4,hue,cw
07,0.7739,6.48,4,chroma,increasing
07,2.1991,6.48,4,chroma,decreasing
07,2.0069,9.18,1,hue,cw
07,1.6291,9.18,1,hue,ccw
07,1.4316,9.18,1,chroma,increasing
07,1.9039,9.18,1,chroma,decreasing
07,1.3845,9.18,4,hue,ccw
07,0.7572,9.18,4,hue,cw
07,1.4737,9.18,4,chroma,increasing
07,1.9379,9.18,4,chroma,decreasing
107,0.8937,3.24,1,hue,cw
107,0.9162,3.24,1,hue,ccw
107,1.5150,3.24,1,chroma,increasing
107,1.1820,3.24,1,chroma,decreasing
107,0.6726,3.24,4,hue,ccw
107,0.6882,3.24,4,hue,cw
107,1.1030,3.24,4,chroma,increasing
107,1.4468,3.24,4,chroma,decreasing
107,2.2052,6.48,1,hue,cw
107,1.8224,6.48,1,hue,ccw
107,2.1311,6.48,1,chroma,increasing
107,1.4357,6.48,1,chroma,decreasing
107,0.9865,6.48,4,hue,ccw
107,0.8095,6.48,4,hue,cw
107,1.3389,6.48,4,chroma,increasing
107,1.7962,6.48,4,chroma,decreasing
107,2.3452,9.18,1,hue,cw
107,1.7376,9.18,1,hue,ccw
107,2.1143,9.18,1,chroma,increasing
107,1.8723,9.18,1,chroma,decreasing
107,1.0048,9.18,4,hue,ccw
107,0.7570,9.18,4,hue,cw
107,1.3527,9.18,4,chroma,increasing
107,1.6680,9.18,4,chroma,decreasing
F04,1.7042,3.24,1,hue,cw
F04,1.4649,3.24,1,hue,ccw
F04,2.2543,3.24,1,chroma,increasing
F04,1.3899,3.24,1,chroma,decreasing
F04,1.0983,3.24,4,hue,ccw
F04,1.2269,3.24,4,hue,cw
F04,1.5448,3.24,4,chroma,increasing
F04,2.4612,3.24,4,chroma,decreasing
F04,1.4744,6.48,1,hue,cw
F04,2.3189,6.48,1,hue,ccw
F04,2.6750,6.48,1,chroma,increasing
F04,1.9261,6.48,1,chroma,decreasing
F04,0.8921,6.48,4,hue,ccw
F04,1.0676,6.48,4,hue,cw
F04,2.5194,6.48,4,chroma,increasing
F04,1.4470,6.48,4,chroma,decreasing
F04,2.4146,9.18,1,hue,cw
F04,2.4565,9.18,1,hue,ccw
F04,2.8649,9.18,1,chroma,increasing
F04,1.5985,9.18,1,chroma,decreasing
F04,0.9616,9.18,4,hue,ccw
F04,1.4035,9.18,4,hue,cw
F04,2.2743,9.18,4,chroma,increasing
F04,1.9677,9.18,4,chroma,decreasing
F06,1.3455,3.24,1,hue,cw
F06,0.9322,3.24,1,hue,ccw
F06,1.0533,3.24,1,chroma,increasing
F06,1.3790,3.24,1,chroma,decreasing
F06,0.8994,3.24,4,hue,ccw
F06,0.9050,3.24,4,hue,cw
F06,1.0648,3.24,4,chroma,increasing
F06,1.3949,3.24,4,chroma,decreasing
F06,1.9709,6.48,1,hue,cw
F06,1.3397,6.48,1,hue,ccw
F06,1.3074,6.48,1,chroma,increasing
F06,1.6754,6.48,1,chroma,decreasing
F06,0.9026,6.48,4,hue,ccw
F06,0.9978,6.48,4,hue,cw
F06,1.2885,6.48,4,chroma,increasing
F06,1.6701,6.48,4,chroma,decreasing
F06,1.9771,9.18,1,hue,cw
F06,1.2925,9.18,1,hue,ccw
F06,1.6070,9.18,1,chroma,increasing
F06,1.6822,9.18,1,chroma,decreasing
F06,0.7145,9.18,4,hue,ccw
F06,1.2697,9.18,4,hue,cw
F06,1.1928,9.18,4,chroma,increasing
F06,1.2056,9.18,4,chroma,decreasing
F07,1.3615,3.24,1,hue,cw
F07,1.0718,3.24,1,hue,ccw
F07,0.9069,3.24,1,chroma,increasing
F07,1.6979,3.24,1,chroma,decreasing
F07,0.7823,3.24,4,hue,ccw
F07,0.8642,3.24,4,hue,cw
F07,1.6305,3.24,4,chroma,increasing
F07,1.6691,3.24,4,chroma,decreasing
F07,1.9766,6.48,1,hue,cw
F07,2.0105,6.48,1,hue,ccw
F07,2.1244,6.48,1,chroma,increasing
F07,2.7681,6.48,1,chroma,decreasing
F07,1.4347,6.48,4,hue,ccw
F07,0.8572,6.48,4,hue,cw
F07,1.8958,6.48,4,chroma,increasing
F07,2.1400,6.48,4,chroma,decreasing
F07,2.6773,9.18,1,hue,cw
F07,2.8292,9.18,1,hue,ccw
F07,2.1047,9.18,1,chroma,increasing
F07,2.9231,9.18,1,chroma,decreasing
F07,1.6641,9.18,4,hue,ccw
F07,2.7447,9.18,4,hue,cw
F07,2.2681,9.18,4,chroma,increasing
F07,2.7534,9.18,4,chroma,decreasing
F08,1.5922,3.24,1,hue,cw
F08,1.4497,3.24,1,hue,ccw
F08,1.1901,3.24,1,chroma,increasing
F08,2.7930,3.24,1,chroma,decreasing
F08,1.2176,3.24,4,hue,ccw
F08,0.8397,3.24,4,hue,cw
F08,1.1042,3.24,4,chroma,increasing
F08,2.5690,3.24,4,chroma,decreasing
F08,1.9287,6.48,1,hue,cw
F08,1.5753,6.48,1,hue,ccw
F08,2.4109,6.48,1,chroma,increasing
F08,2.4074,6.48,1,chroma,decreasing
F08,1.0604,6.48,4,hue,ccw
F08,0.8431,6.48,4,hue,cw
F08,2.0468,6.48,4,chroma,increasing
F08,1.8417,6.48,4,chroma,decreasing
F08,2.0283,9.18,1,hue,cw
F08,1.5048,9.18,1,hue,ccw
F08,2.5137,9.18,1,chroma,increasing
F08,2.8258,9.18,1,chroma,decreasing
F08,1.2565,9.18,4,hue,ccw
F08,1.2225,9.18,4,hue,cw
F08,1.6550,9.18,4,chroma,increasing
F08,2.1918,9.18,4,chroma,decreasing
F09,1.1978,3.24,1,hue,cw
F09,1.7761,3.24,1,hue,ccw
F09,1.6211,3.24,1,chroma,increasing
F09,1.8492,3.24,1,chroma,decreasing
F09,0.8876,3.24,4,hue,ccw
F09,1.2005,3.24,4,hue,cw
F09,1.5161,3.24,4,chroma,increasing
F09,2.0420,3.24,4,chroma,decreasing
F09,2.8942,6.48,1,hue,cw
F09,2.7856,6.48,1,hue,ccw
F09,2.8934,6.48,1,chroma,increasing
F09,2.8844,6.48,1,chroma,decreasing
F09,2.6739,6.48,4,hue,ccw
F09,2.9506,6.48,4,hue,cw
F09,2.9543,6.48,4,chroma,increasing
F09,2.9505,6.48,4,chroma,decreasing
F09,2.8368,9.18,1,hue,cw
F09,2.9441,9.18,1,hue,ccw
F09,2.7528,9.18,1,chroma,increasing
F09,2.8572,9.18,1,chroma,decreasing
F09,2.1129,9.18,4,hue,ccw
F09,2.1155,9.18,4,hue,cw
F09,2.7095,9.18,4,chroma,increasing
F09,2.7059,9.18,4,chroma,decreasing
F10,0.8662,3.24,1,hue,cw
F10,0.6880,3.24,1,hue,ccw
F10,1.5267,3.24,1,chroma,increasing
F10,1.0435,3.24,1,chroma,decreasing
F10,0.7475,3.24,4,hue,ccw
F10,0.7970,3.24,4,hue,cw
F10,1.6861,3.24,4,chroma,increasing
F10,1.1256,3.24,4,chroma,decreasing
F10,1.6575,6.48,1,hue,cw
F10,1.1555,6.48,1,hue,ccw
F10,1.7567,6.48,1,chroma,increasing
F10,1.6833,6.48,1,chroma,decreasing
F10,0.9403,6.48,4,hue,ccw
F10,0.6957,6.48,4,hue,cw
F10,1.9695,6.48,4,chroma,increasing
F10,1.7190,6.48,4,chroma,decreasing
F10,2.2676,9.18,1,hue,cw
F10,1.8936,9.18,1,hue,ccw
F10,2.5889,9.18,1,chroma,increasing
F10,2.1223,9.18,1,chroma,decreasing
F10,0.9290,9.18,4,hue,ccw
F10,0.9997,9.18,4,hue,cw
F10,2.1475,9.18,4,chroma,increasing
F10,1.7307,9.18,4,chroma,decreasing
F11,1.2976,3.24,1,hue,cw
F11,0.8480,3.24,1,hue,ccw
F11,0.6965,3.24,1,chroma,increasing
F11,1.5016,3.24,1,chroma,decreasing
F11,0.8468,3.24,4,hue,ccw
F11,0.6945,3.24,4,hue,cw
F11,0.8502,3.24,4,chroma,increasing
F11,1.3884,3.24,4,chroma,decreasing
F11,2.2980,6.48,1,hue,cw
F11,1.2271,6.48,1,hue,ccw
F11,0.9226,6.48,1,chroma,increasing
F11,1.7103,6.48,1,chroma,decreasing
F11,1.1860,6.48,4,hue,ccw
F11,0.7715,6.48,4,hue,cw
F11,0.8322,6.48,4,chroma,increasing
F11,1.5936,6.48,4,chroma,decreasing
F11,2.8839,9.18,1,hue,cw
F11,1.8201,9.18,1,hue,ccw
F11,1.7825,9.18,1,chroma,increasing
F11,2.5486,9.18,1,chroma,decreasing
F11,1.4689,9.18,4,hue,ccw
F11,0.8229,9.18,4,hue,cw
F11,1.2768,9.18,4,chroma,increasing
F11,2.3647,9.18,4,chroma,decreasing
